Libellé;Libellé (mini);Catalogue;Workspace;Sous Famille;Gamme;Configurable
100 DLX;100 DLX;;;;;
100 DLXS;100 DLXS;;;;;
100 ELX;100 ELX;;;;;
100 SC;100 SC;MANITOU;wksRowAWPlatform;Scissors Platform;SC;833225
100 SEC;100 SEC;MANITOU;wksRowAWPlatform;Electric Scissors Platform;SE-SEC;832093
100 SEC;100 SEC;MANITOU;wksRowAWPlatform;Electric Scissors Platform;SE-SEC;833000
100 VJR;100 VJR;MANITOU;wksRowAWPlatform;Vertical Masted Platform;VJR;684135
100 VJR AUS;100 VJR;MANITOU;wksRowAWPlatform;Vertical Masted Platform;VJR;52501891
100 XEL;100 XEL;;;;;
105 VJR;105 VJR;;;;;
110 ELX;110 ELX;;;;;
110 VJR;110 VJR;;;;;
120 AE;120 AE;;;;;
120 AETJ-C;120 AETJ;MANITOU;wksRowAWPlatform;Electric Articulated Platform;AETJ;682077
120 AETJ-C 3D;120 AETJ;MANITOU;wksRowAWPlatform;Electric Articulated Platform;AETJ;768985
120 DLX;120 DLX;;;;;
120 DLXS;120 DLXS;;;;;
120 ELX;120 ELX;;;;;
120 SC;120 SC;MANITOU;wksRowAWPlatform;Scissors Platform;SC;833226
120 SE;120 SE;MANITOU;wksRowAWPlatform;Electric Scissors Platform;SE-SEC;832094
120 SE;120 SE;MANITOU;wksRowAWPlatform;Electric Scissors Platform;SE-SEC;833001
120 T H;120 T H;;;;;
120 TM;120 TM;;;;;
1350R                         ;1350R                         ;;;;;
140 CT;140 CT;;;;;
140 SC;140 SC;MANITOU;wksRowAWPlatform;Scissors Platform;SC;833528
140 TH                        ;140 TH                        ;;;;;
145 DLX;145 DLX;;;;;
145 DLXS;145 DLXS;;;;;
150 AET;150 AET;;;;;
150 AETJ-C;150 AETJ;MANITOU;wksRowAWPlatform;Electric Articulated Platform;AETJ;680991
150 AETJ-C 3D;150 AETJ;MANITOU;wksRowAWPlatform;Electric Articulated Platform;AETJ;682105
150 AETJ-L BI;150 AETJ;MANITOU;wksRowAWPlatform;BiEnergy Articulated Platform;AETJ Bi-Energy;769027
150 ATS;150 ATS;;;;;
150 ATT;150 ATT;;;;;
150 TP MANIACCESS;150 TP;;;;;
1500R                         ;1500R                         ;;;;;
160 ATJ;160 ATJ;MANITOU;wksRowAWPlatform;Articulated Platform;ATJ;832699
160 ATJ RC;160 ATJ;MANITOU;wksRowAWPlatform;Articulated Platform;ATJ;52580234
160 ATJ RNC;160 ATJ;MANITOU;wksRowAWPlatform;Articulated Platform;ATJ;52580233
160 ATJ+;160 ATJ;MANITOU;wksRowAWPlatform;Articulated Platform;ATJ;832591
160 ATJ+ RC;160 ATJ;MANITOU;wksRowAWPlatform;Articulated Platform;ATJ;832590
160 ATJ-RC;160 ATJ;MANITOU;wksRowAWPlatform;Articulated Platform;ATJ;832089
165 ATJ;165 ATJ;;;;;
170 AETJ-L;170 AETJ;MANITOU;wksRowAWPlatform;Electric Articulated Platform;AETJ;680993
170 AETJ-L BI;170 AETJ;MANITOU;wksRowAWPlatform;BiEnergy Articulated Platform;AETJ Bi-Energy;768590
170 ATT;170 ATT;;;;;
171 AET;171 AET;;;;;
1750 RT                       ;1750 RT                       ;;;;;
180 ATJ;180 ATJ;MANITOU;wksRowAWPlatform;Articulated Platform;ATJ;834267
180 ATJ RC;180 ATJ;MANITOU;wksRowAWPlatform;Articulated Platform;ATJ;52580236
180 ATJ RNC;180 ATJ;MANITOU;wksRowAWPlatform;Articulated Platform;ATJ;52580235
180 ATJ-RC;180 ATJ;MANITOU;wksRowAWPlatform;Articulated Platform;ATJ;834655
1900R                         ;1900R                         ;;;;;
200 ATJ;200 ATJ;MANITOU;wksRowAWPlatform;Articulated Platform;ATJ;682267
200 ATJ-RC;200 ATJ;MANITOU;wksRowAWPlatform;Articulated Platform;ATJ;682093
200 WT;200 WT;;;;;
200 WTJ;200 WTJ;;;;;
2100 RT                       ;2100 RT                       ;;;;;
220 TJ;220 TJ;MANITOU;wksRowAWPlatform;Telescopic Platform;TJ;52537484
220 TJ +;220 TJ;MANITOU;wksRowAWPlatform;Telescopic Platform;TJ;52537485
2200R                         ;2200R                         ;;;;;
230 CTJ;230 CTJ;;;;;
230 WT MANIACCESS;230 WT;;;;;
230 WTJ;230 WTJ;;;;;
260 TJ;260 TJ;MANITOU;wksRowAWPlatform;Telescopic Platform;TJ;830491
2600R                         ;2600R                         ;;;;;
28 EVM;28 EVM;;;;;
280 TJ;280 TJ;MANITOU;wksRowAWPlatform;Telescopic Platform;TJ;830490
4 RM 20 HP;4 RM 20;;;;;
4 RM 26 NPE;4 RM 26;;;;;
43 E;43 E;;;;;
60 V                          ;60 V                          ;;;;;
65 EX;65 EX;;;;;
75 EX;75 EX;;;;;
78 SEC;78 SEC;MANITOU;wksRowAWPlatform;Electric Scissors Platform;SE-SEC;832092
78 SEC;78 SEC;MANITOU;wksRowAWPlatform;Electric Scissors Platform;SE-SEC;832992
78 XE;78 XE;;;;;
80 ELX;80 ELX;;;;;
80 EX;80 EX;;;;;
80 V;80 V;;;;;
80 VJR;80 VJR;MANITOU;wksRowAWPlatform;Vertical Masted Platform;VJR;684501
80 VR;80 VR;;;;;
80 XEL;80 XEL;;;;;
81 XE;81 XE;;;;;
90 V AIR;90 V AIR;MANITOU;wksRowAWPlatform;Vertical Masted Platform;V;52507049
A10 AC FRDVC29V160HAWRC 192416;A10 AC;;;;;
AETJ 43;AETJ 43;MANITOU;wksRowAWPlatform;Electric Articulated Platform;AETJ;52557231
AETJ 43 3D;AETJ 43 ;MANITOU;wksRowAWPlatform;Electric Articulated Platform;AETJ;52557242
AETJ 49;AETJ 49;MANITOU;wksRowAWPlatform;Electric Articulated Platform;AETJ;52556696
AF 100;AF 100;;;;;
AF 60;AF 60;;;;;
AF 80;AF 80;;;;;
AL 100                        ;AL 100                        ;;;;;
AL 106                        ;AL 106                        ;;;;;
AL 120 POWER;AL 120;;;;;
AL 200                        ;AL 200                        ;;;;;
AL 300                        ;AL 300                        ;;;;;
AL 306                        ;AL 306                        ;;;;;
AL 400                        ;AL 400                        ;;;;;
AL 500                        ;AL 500                        ;;;;;
AL 506                        ;AL 506                        ;;;;;
AL 65;AL 65;;;;;
AL 70 E;AL 70 E;;;;;
AL 75;AL 75;;;;;
AL 80 POWER;AL 80;;;;;
AL 85 T;AL 85;;;;;
AL 95;AL 95;;;;;
AL140;AL140;;;;;
AL340;AL340;;;;;
AL540;AL540;;;;;
AS 11;AS 11;;;;;
AS 14;AS 14;;;;;
AS 14 S;AS 14 S;;;;;
AS 150 S SERIE 2;AS 150 S;;;;;
AS 200;AS 200;;;;;
AS 200 S;AS 200 S;;;;;
AS 210;AS 210;;;;;
AS 45;AS 45;;;;;
AS 50;AS 50;;;;;
AS 65;AS 65;;;;;
AS 70;AS 70;;;;;
AS 85;AS 85;;;;;
AS 90;AS 90;;;;;
AT 1330;AT 1330;;;;;
AT 2324 MANITOP;AT 2324;;;;;
AT 2524 MANITOP;AT 2524 ;;;;;
AT 628;AT 628;;;;;
AT 735 T;AT 735 T;;;;;
ATJ 46 RNC;ATJ 46 ;MANITOU;wksRowAWPlatform;Articulated Platform;ATJ;52580232
ATJ 46+ RC;ATJ 46+;MANITOU;wksRowAWPlatform;Articulated Platform;ATJ;52561597
AX 70;AX 70;;;;;
AX 85;AX 85;;;;;
BA 340;BA 340;;;;;
BG 500;BG 500;;;;;
BH 340;BH 340;;;;;
BSI 190 L MOTEUR ELECT MONO   ;BSI 190;;;;;
BSI 280 AD MOTEUR ELEC MONO AV;BSI 280;;;;;
BSI 340 AD MOTEUR ELEC TRIPHAS;BSI 340;;;;;
BT 420 S1;BT 420;;;;;
BT 425 S2;BT 425;;;;;
BTI 220 S1;BTI 220;;;;;
BTI 225 S2;BTI 225 ;;;;;
CD 15 P;CD 15 P;;;;;
CD 18 P;CD 18 P;;;;;
CD 20 P;CD 20 P;;;;;
CD 25 P;CD 25 P;;;;;
CD 30 P;CD 30 P;;;;;
CD 35 P;CD 35 P;;;;;
CG 15 P;CG 15 P;;;;;
CG 18 P;CG 18 P;;;;;
CG 20 P;CG 20 P;;;;;
CG 25 P;CG 25 P;;;;;
CG 30 P;CG 30 P;;;;;
CG 35 P;CG 35 P;;;;;
CI 10;CI 10;MANITOU;wksRowWEquipment;Order Picker;CI;970066
CI 12 PF;CI 12;MANITOU;wksRowWEquipment;Order Picker;CI;970068
CI 20;CI 20;MANITOU;wksRowWEquipment;Order Picker;CI;970064
CT 30;CT 30;MANITOU;wksRowWEquipment;Electrical Tractor;CT;970069
CT 40;CT 40;MANITOU;wksRowWEquipment;Electrical Tractor;CT;970070
CT 50;CT 50;MANITOU;wksRowWEquipment;Electrical Tractor;CT;970071
CT 6 - 18 T S3E3              ;CT 6 - 18T      ;;;;;
CT 7-23 T (GEHL);CT 7-23 T ;;;;;
CT 7-23 T LSU         SDE3;CT 7-23 T;;;;;
CT_30                         ;CT_30                         ;;;;;
CT_40                         ;CT_40                         ;;;;;
CT_50                         ;CT_50                         ;;;;;
D 80 ER;D 80 ER;;;;;
DL10;DL10;;;;;
DL11;DL11;;;;;
DL12;DL12;;;;;
DL519;DL519;;;;;
DL634;DL634;;;;;
DL642;DL642;;;;;
DL744;DL744;;;;;
DL842;DL842;;;;;
DL844;DL844;;;;;
DL9;DL9;;;;;
DP GEHLMAX RD 10              ;DP            ;;;;;
EMA 15;EMA 15;;;;;
EMA 18;EMA 18;;;;;
EMA 18 S                      ;EMA 18 S                      ;;;;;
EMA 20;EMA 20;;;;;
EMA II 13 COMPACT;EMA II 13;MANITOU;wksRowWEquipment;Electrical Mast Articulated;EMA;970657
EMA II 17;EMA II 17;MANITOU;wksRowWEquipment;Electrical Mast Articulated;EMA;970658
EMA II 18 HL-1;EMA II 18;MANITOU;wksRowWEquipment;Electrical Mast Articulated;EMA;970662
EMA II 18 HL-2;EMA II 18;MANITOU;wksRowWEquipment;Electrical Mast Articulated;EMA;970663
EMA II 20;EMA II 20;MANITOU;wksRowWEquipment;Electrical Mast Articulated;EMA;970659
EMA II 20 HD-1;EMA II 20;MANITOU;wksRowWEquipment;Electrical Mast Articulated;EMA;970660
EMA II 20 HD-2;EMA II 20;MANITOU;wksRowWEquipment;Electrical Mast Articulated;EMA;970661
EMA II 25 HD;EMA II 25;MANITOU;wksRowWEquipment;Electrical Mast Articulated;EMA;970664
EP 15;EP 15;MANITOU;wksRowWEquipment;Pallet Truck;EP;52000987
EP 16 S AC;EP 16 ;MANITOU;wksRowWEquipment;Pallet Truck;EP;52000076
EP 18 S AC;EP 18 ;MANITOU;wksRowWEquipment;Pallet Truck;EP;52000077
EP 20 S AC;EP 20 ;MANITOU;wksRowWEquipment;Pallet Truck;EP;52000078
EP 22 M AC;EP 22 ;MANITOU;wksRowWEquipment;Pallet Truck;EP;52000079
EP 730;EP 730;MANITOU;wksRowWEquipment;Pallet Truck;EP;970045
EP 740;EP 740;MANITOU;wksRowWEquipment;Pallet Truck;EP;970046
EP 750;EP 750;MANITOU;wksRowWEquipment;Pallet Truck;EP;970047
ER12;ER12;MANITOU;wksRowWEquipment;Reach Truck Model;ER;52001041
ER14;ER14;MANITOU;wksRowWEquipment;Reach Truck Model;ER;52001042
ER16;ER16;MANITOU;wksRowWEquipment;Reach Truck Model;ER;52001043
ER16 HD;ER16;MANITOU;wksRowWEquipment;Reach Truck Model;ER;52001044
ER20;ER20;MANITOU;wksRowWEquipment;Reach Truck Model;ER;52001045
ER20 HD;ER20;MANITOU;wksRowWEquipment;Reach Truck Model;ER;52001046
ES 410 FR;ES 410;MANITOU;wksRowWEquipment;Stacker;ES 4;970005
ES 410 FR SL;ES 410;MANITOU;wksRowWEquipment;Stacker;ES 4;970314
ES 410 LE 1050;ES 410;MANITOU;wksRowWEquipment;Stacker;ES 4;970316
ES 410 LE 1250;ES 410;MANITOU;wksRowWEquipment;Stacker;ES 4;970317
ES 410 LE 850;ES 410;MANITOU;wksRowWEquipment;Stacker;ES 4;970306
ES 412 FR;ES 412;MANITOU;wksRowWEquipment;Stacker;ES 4;970006
ES 412 FR SL;ES 412;MANITOU;wksRowWEquipment;Stacker;ES 4;970315
ES 412 LE 1250;ES 412;MANITOU;wksRowWEquipment;Stacker;ES 4;970319
ES 412 LE 850;ES 412;MANITOU;wksRowWEquipment;Stacker;ES 4;970307
ES 420 DL FR;ES 420;MANITOU;wksRowWEquipment;Stacker;ES 4;52000080
ES 504 GPF;ES 504;MANITOU;wksRowWEquipment;Stacker;ES 5 à contrepoids;970584
ES 507 GPF;ES 507;MANITOU;wksRowWEquipment;Stacker;ES 5 à contrepoids;970585
ES 510 GPF;ES 510;MANITOU;wksRowWEquipment;Stacker;ES 5 à contrepoids;970586
ES 612 LI;ES 612;MANITOU;wksRowWEquipment;Stacker;ES 6;970007
ES 612 LI 5P;ES 612;MANITOU;wksRowWEquipment;Stacker;ES 6;970652
ES 614 FR;ES 614;MANITOU;wksRowWEquipment;Stacker;ES 6;970010
ES 614 FR 5P;ES 614;MANITOU;wksRowWEquipment;Stacker;ES 6;970655
ES 614 LI;ES 614;MANITOU;wksRowWEquipment;Stacker;ES 6;970008
ES 614 LI 5P;ES 614;MANITOU;wksRowWEquipment;Stacker;ES 6;970653
ES 616 FR;ES 616;MANITOU;wksRowWEquipment;Stacker;ES 6;970011
ES 616 FR 5P;ES 616;MANITOU;wksRowWEquipment;Stacker;ES 6;970656
ES 616 LI;ES 616;MANITOU;wksRowWEquipment;Stacker;ES 6;970009
ES 616 LI 5P;ES 616;MANITOU;wksRowWEquipment;Stacker;ES 6;970654
ES 713 GPF;ES 713 GPF;MANITOU;wksRowWEquipment;Stacker;ES 7 à contrepoids;970027
ES 713 GPFR;ES 713 GPF;MANITOU;wksRowWEquipment;Stacker;ES 7 à contrepoids;970030
ES 716 GPF;ES 716 GPF;MANITOU;wksRowWEquipment;Stacker;ES 7 à contrepoids;970028
ES 716 GPFR;ES 716 GPF;MANITOU;wksRowWEquipment;Stacker;ES 7 à contrepoids;970031
ES 720 FR;ES 720;MANITOU;wksRowWEquipment;Stacker;ES 7;970015
ES 720 GPF;ES 720 GPF;MANITOU;wksRowWEquipment;Stacker;ES 7 à contrepoids;970029
ES 725 FR;ES 725;MANITOU;wksRowWEquipment;Stacker;ES 7;970016
ES 730 FR;ES 730;MANITOU;wksRowWEquipment;Stacker;ES 7;970017
ES 820;ES 820;MANITOU;wksRowWEquipment;Stacker;ES 8;52000781
ES 820 FR SL;ES 820;MANITOU;wksRowWEquipment;Stacker;ES 8;970541
ES 820 FR SV;ES 820;MANITOU;wksRowWEquipment;Stacker;ES 8;970012
ES 820 LI;ES 820;MANITOU;wksRowWEquipment;Stacker;ES 8;52000780
GE353;GE353;;;;;
GE373;GE373;;;;;
GR 20 J                       ;GR 20 J                       ;;;;;
GR 26 J                       ;GR 26 J                       ;;;;;
GR-20J;GR-20;MANITOU;wksRowAWPlatform;Vertical Masted Platform;GR;831587
GR-26J;GR-26;MANITOU;wksRowAWPlatform;Vertical Masted Platform;GR;831588
GR-26J ANSI;GR-26;MANITOU;wksRowAWPlatform;Vertical Masted Platform;GR;833003
GS 250;GS 250;;;;;
HE 340 P AV MOTEUR LS 100 4 CV;HE 340;;;;;
J/SH 30;J/SH 30;;;;;
J/SH 40;J/SH 40;;;;;
J/SH 60;J/SH 60;;;;;
J/SHK 50;J/SHK 50;;;;;
J/SHKP 40;J/SHKP 40;;;;;
J/SHKP 50;J/SHKP 50;;;;;
J/SHP 30;J/SHP 30;;;;;
J/SHP 40;J/SHP 40;;;;;
J/SHP 50;J/SHP 50;;;;;
J/SHP 60;J/SHP 60;;;;;
J/SHPG30;J/SHPG30;;;;;
J/SL 50;J/SL 50;;;;;
J/SN 40;J/SN 40;;;;;
J/SN 50;J/SN 50;;;;;
J/SN G 40;J/SN G 40;;;;;
Kléos DHM 250 D15;Kléos DHM 250;MANITOU;wksRowWEquipment;Stacker;Kleos;970034
Kléos EB 1000 S16;Kléos EB 1000;MANITOU;wksRowWEquipment;Stacker;Kleos;970416
Kléos EB 250 D18;Kléos EB 250 ;MANITOU;wksRowWEquipment;Stacker;Kleos;970036
Kléos EB 250 D25;Kléos EB 250 ;MANITOU;wksRowWEquipment;Stacker;Kleos;970413
Kléos EB 500 D18;Kléos EB 500 ;MANITOU;wksRowWEquipment;Stacker;Kleos;970414
Kléos EB 500 D25;Kléos EB 500 ;MANITOU;wksRowWEquipment;Stacker;Kleos;970415
Kléos HM 1000 S16;Kléos HM 1000;MANITOU;wksRowWEquipment;Stacker;Kleos;970412
Kléos HM 250 D18;Kléos HM 250 ;MANITOU;wksRowWEquipment;Stacker;Kleos;970035
Kléos HM 250 D25;Kléos HM 250 ;MANITOU;wksRowWEquipment;Stacker;Kleos;970184
Kléos HM 500 D18;Kléos HM 500 ;MANITOU;wksRowWEquipment;Stacker;Kleos;970185
Kléos HM 500 D25;Kléos HM 500 ;MANITOU;wksRowWEquipment;Stacker;Kleos;970186
LC 340 N S2;LC 340 N S2;;;;;
LM 410 A N PT MC;LM 410 A N PT MC;;;;;
LM 415A 110 HP;LM 415A 110 HP;;;;;
LM 420 A T PS HC;LM 420 A T PS HC;;;;;
LM 425 ATPTHC;LM 425 ATPTHC;;;;;
LM 425A 110 MR;LM 425A 110 MR;;;;;
LM 430 A T PS HC;LM 430 A T PS HC;;;;;
LM 435A 110 HP;LM 435A 110 HP;;;;;
LM 445A 95 ME;LM 445A 95 ME;;;;;
LM 630 I N PT MC;LM 630 I N PT MC;;;;;
LM 640 I N PT MC/MR;LM 640 I N PT MC/MR;;;;;
LM 840 C N PT R/C;LM 840 C N PT R/C;;;;;
LM 850 C T PT R/C;LM 850 C T PT R/C;;;;;
LM 860 C T PT R/C;LM 860 C T PT R/C;;;;;
M 26-2;M 26;MANITOU;wksRowVMForklift;All Road - Off Road;M;52000338
M 26-2 H;M 26;MANITOU;wksRowVMForklift;All Road - Off Road;M;52000479
M 26-4;M 26;MANITOU;wksRowVMForklift;All Road - Off Road;M;52000339
M 30-2;M 30;MANITOU;wksRowVMForklift;All Road - Off Road;M;52000340
M 30-2 H;M 30;MANITOU;wksRowVMForklift;All Road - Off Road;M;52000480
M 30-4;M 30;MANITOU;wksRowVMForklift;All Road - Off Road;M;52000341
M 40-2;M 40;MANITOU;wksRowVMForklift;All Road - Off Road;M;52000342
M 40-2 H;M 40;MANITOU;wksRowVMForklift;All Road - Off Road;M;52000481
M 40-4;M 40;MANITOU;wksRowVMForklift;All Road - Off Road;M;52000343
M 50-2;M 50;MANITOU;wksRowVMForklift;All Road - Off Road;M;52000344
M 50-2 H;M 50;MANITOU;wksRowVMForklift;All Road - Off Road;M;52000482
M 50-4;M 50;MANITOU;wksRowVMForklift;All Road - Off Road;M;52000345
M 70-2 H;M 70;MANITOU;wksRowVMForklift;All Road - Off Road;M;52000521
MA 460 E3                     ;MA 460             ;;;;;
MA 470 E3                     ;MA 470;;;;;
MA 475;MA 475;MANITOU;wksRowVMForklift;All Road - Off Road;M;52000964
MA4 60;MA4 60;;;;;
MA4 70;MA4 70;;;;;
MAN'GO 12;MAN'GO 12;MANITOU;wksRowAWPlatform;Articulated Platform;MAN'GO;318412
MAN'GO 33;MAN'GO 33;MANITOU;wksRowAWPlatform;Articulated Platform;MAN'GO;52552159
MANIACCESS SCALA;MANIACCESS SCALA;;;;;
MANITRAC 5M                   ;MANITRAC;;;;;
MANITRAC 728 145 S1E3         ;MANITRAC 728;;;;;
MB 20 CL;MB 20 CL;;;;;
MB 21 N;MB 21 N;;;;;
MC 18-2;MC 18;MANITOU;wksRowVMForklift;All Road - Off Road;MC;52000810
MC 18-4;MC 18;MANITOU;wksRowVMForklift;All Road - Off Road;MC;52000811
MC 20 HP;MC 20;;;;;
MC 25-2;MC 25;MANITOU;wksRowVMForklift;All Road - Off Road;MC;52001004
MC 25-4;MC 25;MANITOU;wksRowVMForklift;All Road - Off Road;MC;52001005
MC 30;MC 30;;;;;
MC 30-2;MC 30;MANITOU;wksRowVMForklift;All Road - Off Road;MC;52001006
MC 30-4;MC 30;MANITOU;wksRowVMForklift;All Road - Off Road;MC;52001007
MC 40 PS;MC 40 PS;;;;;
MC 40PS S2;MC 40PS S2;;;;;
MC 50 PS;MC 50 PS;;;;;
MC 60 PS S3-E2;MC 60 PS S3-E2;;;;;
MC 70 PS ATMO S3E2            ;MC 70            ;;;;;
MCE 25 H;MCE 25 H;;;;;
MCE 30 H;MCE 30 H;;;;;
MCE 40 H;MCE 40 H;;;;;
ME 315 48V S3;ME 315;MANITOU;wksRowVMForklift;Industrial - Semi Industrial;ME;52000536
ME 315 48V S3;ME 315;MANITOU;wksRowVMForklift;Industrial - Semi Industrial;ME;52000931
ME 315 48V S3 FOB;ME 315;MANITOU;wksRowVMForklift;Industrial - Semi Industrial;ME;52000550
ME 315 C 24V S3;ME 315;MANITOU;wksRowVMForklift;Industrial - Semi Industrial;ME;52000535
ME 315 C 24V S3;ME 315;MANITOU;wksRowVMForklift;Industrial - Semi Industrial;ME;52000930
ME 315 C 24V S3 FOB;ME 315;MANITOU;wksRowVMForklift;Industrial - Semi Industrial;ME;52000549
ME 315 POP;ME 315;MANITOU;wksRowVMForklift;Industrial - Semi Industrial;ME;52000041
ME 315 POP F;ME 315;MANITOU;wksRowVMForklift;Industrial - Semi Industrial;ME;52000470
ME 316 48V S3;ME 316;MANITOU;wksRowVMForklift;Industrial - Semi Industrial;ME;52000537
ME 316 48V S3;ME 316;MANITOU;wksRowVMForklift;Industrial - Semi Industrial;ME;52000932
ME 316 48V S3 FOB;ME 316;MANITOU;wksRowVMForklift;Industrial - Semi Industrial;ME;52000551
ME 316 POP;ME 316;MANITOU;wksRowVMForklift;Industrial - Semi Industrial;ME;52000042
ME 316-FOB;ME 316;MANITOU;wksRowVMForklift;Industrial - Semi Industrial;ME;52000471
ME 318 48V S3;ME 318;MANITOU;wksRowVMForklift;Industrial - Semi Industrial;ME;52000538
ME 318 48V S3;ME 318;MANITOU;wksRowVMForklift;Industrial - Semi Industrial;ME;52000933
ME 318 48V S3 FOB;ME 318;MANITOU;wksRowVMForklift;Industrial - Semi Industrial;ME;52000552
ME 318 POP;ME 318;MANITOU;wksRowVMForklift;Industrial - Semi Industrial;ME;52000043
ME 318-FOB;ME 318;MANITOU;wksRowVMForklift;Industrial - Semi Industrial;ME;52000472
ME 320 48V S3;ME 320;MANITOU;wksRowVMForklift;Industrial - Semi Industrial;ME;52000539
ME 320 48V S3;ME 320;MANITOU;wksRowVMForklift;Industrial - Semi Industrial;ME;52000934
ME 320 48V S3 FOB;ME 320;MANITOU;wksRowVMForklift;Industrial - Semi Industrial;ME;52000553
ME 320 POP;ME 320;MANITOU;wksRowVMForklift;Industrial - Semi Industrial;ME;52000044
ME 320-FOB;ME 320;MANITOU;wksRowVMForklift;Industrial - Semi Industrial;ME;52000473
ME 418 48V S3;ME 418;MANITOU;wksRowVMForklift;Industrial - Semi Industrial;ME;52000540
ME 418 48V S3;ME 418;MANITOU;wksRowVMForklift;Industrial - Semi Industrial;ME;52000935
ME 418 48V S3 FOB;ME 418;MANITOU;wksRowVMForklift;Industrial - Semi Industrial;ME;52000554
ME 418 POP;ME 418;MANITOU;wksRowVMForklift;Industrial - Semi Industrial;ME;52000045
ME 418-FOB;ME 418;MANITOU;wksRowVMForklift;Industrial - Semi Industrial;ME;52000474
ME 420 48V S3;ME 420;MANITOU;wksRowVMForklift;Industrial - Semi Industrial;ME;52000541
ME 420 48V S3;ME 420;MANITOU;wksRowVMForklift;Industrial - Semi Industrial;ME;52000936
ME 420 48V S3 FOB;ME 420;MANITOU;wksRowVMForklift;Industrial - Semi Industrial;ME;52000555
ME 420 POP;ME 420;MANITOU;wksRowVMForklift;Industrial - Semi Industrial;ME;52000046
ME 420-FOB;ME 420;MANITOU;wksRowVMForklift;Industrial - Semi Industrial;ME;52000475
ME 425 48V S3;ME 425;MANITOU;wksRowVMForklift;Industrial - Semi Industrial;ME;52000937
ME 425 48V S3 FOB;ME 425;MANITOU;wksRowVMForklift;Industrial - Semi Industrial;ME;52000556
ME 425 80V S3;ME 425;MANITOU;wksRowVMForklift;Industrial - Semi Industrial;ME;52000543
ME 425 80V S3;ME 425;MANITOU;wksRowVMForklift;Industrial - Semi Industrial;ME;52000938
ME 425 80V S3 FOB;ME 425;MANITOU;wksRowVMForklift;Industrial - Semi Industrial;ME;52000557
ME 425 C 48V S3;ME 425;MANITOU;wksRowVMForklift;Industrial - Semi Industrial;ME;52000542
ME 425 C POP;ME 425;MANITOU;wksRowVMForklift;Industrial - Semi Industrial;ME;52000047
ME 425 C-FOB;ME 425;MANITOU;wksRowVMForklift;Industrial - Semi Industrial;ME;52000476
ME 425 POP;ME 425;MANITOU;wksRowVMForklift;Industrial - Semi Industrial;ME;52000048
ME 425-FOB;ME 425;MANITOU;wksRowVMForklift;Industrial - Semi Industrial;ME;52000477
ME 430 80V S3;ME 430;MANITOU;wksRowVMForklift;Industrial - Semi Industrial;ME;52000544
ME 430 80V S3;ME 430;MANITOU;wksRowVMForklift;Industrial - Semi Industrial;ME;52000939
ME 430 80V S3 FOB;ME 430;MANITOU;wksRowVMForklift;Industrial - Semi Industrial;ME;52000558
ME 430 POP;ME 430;MANITOU;wksRowVMForklift;Industrial - Semi Industrial;ME;52000049
ME 430-F;ME 430;MANITOU;wksRowVMForklift;Industrial - Semi Industrial;ME;52000478
ME 435 80V S3;ME 435;MANITOU;wksRowVMForklift;Industrial - Semi Industrial;ME;52000545
ME 435 80V S3;ME 435;MANITOU;wksRowVMForklift;Industrial - Semi Industrial;ME;52000940
ME 435 80V S3 FOB;ME 435;MANITOU;wksRowVMForklift;Industrial - Semi Industrial;ME;52000559
ME 440 80V S3;ME 440;MANITOU;wksRowVMForklift;Industrial - Semi Industrial;ME;52000546
ME 440 80V S3;ME 440;MANITOU;wksRowVMForklift;Industrial - Semi Industrial;ME;52000941
ME 440 80V S3 FOB;ME 440;MANITOU;wksRowVMForklift;Industrial - Semi Industrial;ME;52000560
ME 445 80V S3;ME 445;MANITOU;wksRowVMForklift;Industrial - Semi Industrial;ME;52000547
ME 445 80V S3;ME 445;MANITOU;wksRowVMForklift;Industrial - Semi Industrial;ME;52000942
ME 445 80V S3 FOB;ME 445;MANITOU;wksRowVMForklift;Industrial - Semi Industrial;ME;52000561
ME 450 80V S3;ME 450;MANITOU;wksRowVMForklift;Industrial - Semi Industrial;ME;52000548
ME 450 80V S3;ME 450;MANITOU;wksRowVMForklift;Industrial - Semi Industrial;ME;52000943
ME 450 80V S3 FOB;ME 450;MANITOU;wksRowVMForklift;Industrial - Semi Industrial;ME;52000562
ME1503;ME1503;;;;;
ME2803ZT;ME2803ZT;;;;;
ME3503;ME3503;;;;;
MECALOC TF 43                 ;MECALOC TF 43                 ;;;;;
MECALOC TF 78                 ;MECALOC TF 78                 ;;;;;
Mécaloc TR;Mécaloc TR;MANITOU;wksRowWEquipment;Stacker;Kleos;970079
MH 20 3B;MH 20;MANITOU;wksRowVMForklift;All Road - Off Road;MH;52000114
MH 25 3A;MH 25;MANITOU;wksRowVMForklift;All Road - Off Road;MH;52000567
MH 25 3B;MH 25;MANITOU;wksRowVMForklift;All Road - Off Road;MH;52000115
MH 25 T 3A;MH 25;MANITOU;wksRowVMForklift;All Road - Off Road;MH;52000128
MHT 10100 T;MHT 10100;;;;;
MHT 10120 L T;MHT 10120;;;;;
MHT 10130;MHT 10130;MANITOU;wksRowTelehandler;MHT;MHT 10;927089
MHT 10160 L T;MHT 10160;;;;;
MHT 10180;MHT 10180;MANITOU;wksRowTelehandler;MHT;MHT 10;888028
MHT 10180;MHT 10180;MANITOU;wksRowTelehandler;MHT;MHT 10;927090
MHT 10210;MHT 10210;;;;;
MHT 10225;MHT 10225;MANITOU;wksRowTelehandler;MHT;MHT 10;887969
MHT 10230;MHT 10230;MANITOU;wksRowTelehandler;MHT;MHT 10;926546
MHT 1490;MHT 1490;MANITOU;wksRowTelehandler;MHT;MHT 14;923644
MHT 7140 L;MHT 7140;;;;;
MHT 780 E3 EN                 ;MHT 780             ;;;;;
MHT 790;MHT 790;MANITOU;wksRowTelehandler;MHT;MHT 7;923747
MHT 790;MHT 790;MANITOU;wksRowTelehandler;MHT;MHT 7;53019923
MHT 790 Mining;MHT 790 Mining;MANITOU;wksRowTelehandler;MHT;MHT-Mining;52585672
MHT 860 L T;MHT 860 ;;;;;
MHT 950;MHT 950;;;;;
MHT 990 MHO SANS PINCE-TS;MHT 990;;;;;
MHT-X 10120;MHT-X 10120;MANITOU;wksRowTelehandler;MHT;MHT 10;907412
MHT-X 10120 MINING;MHT-X 10120 MINING;MANITOU;wksRowTelehandler;MHT;MHT-Mining;935172
MHT-X 10130;MHT-X 10130;MANITOU;wksRowTelehandler;MHT;MHT 10;53010150
MHT-X 10180;MHT-X 10180;MANITOU;wksRowTelehandler;MHT;MHT 10;908210
MHT-X 10180;MHT-X 10180;MANITOU;wksRowTelehandler;MHT;MHT 10;53012552
MHT-X 10180 MINING;MHT-X 10180 MINING;MANITOU;wksRowTelehandler;MHT;MHT-Mining;935173
MHT-X 10180 MINING;MHT-X 10180 MINING;MANITOU;wksRowTelehandler;MHT;MHT-Mining;52575873
MHT-X 10225;MHT-X 10225;MANITOU;wksRowTelehandler;MHT;MHT 10;908209
MHT-X 10225 MINING;MHT-X 10225 MINING;MANITOU;wksRowTelehandler;MHT;MHT-Mining;935174
MHT-X 10230;MHT-X 10230;MANITOU;wksRowTelehandler;MHT;MHT 10;53012553
MHT-X 10230 MINING;MHT-X 10230 MINING;MANITOU;wksRowTelehandler;MHT;MHT-Mining;53011441
MHT-X 1076 L E3               ;MHT-X 1076         ;;;;;
MHT-X 14350 S                 ;MHT-X 14350            ;;;;;
MHT-X 1490;MHT-X 1490;MANITOU;wksRowTelehandler;MHT;MHT 14;53001205
MHT-X 7140 L T SME2 EN        ;MHT-X 7140      ;;;;;
MHT-X 780;MHT-X 780;MANITOU;wksRowTelehandler;MHT;MHT 7;907416
MHT-X 780 MINING;MHT-X 780 MINING;MANITOU;wksRowTelehandler;MHT;MHT-Mining;930713
MHT-X 790;MHT-X 790;MANITOU;wksRowTelehandler;MHT;MHT 7;929707
MHT-X 790 Mining;MHT-X 790 Mining;MANITOU;wksRowTelehandler;MHT;MHT-Mining;52578090
MHT-X 860;MHT-X 860;MANITOU;wksRowTelehandler;MHT;MHT 8;907415
MHT-X 860;MHT-X 860;MANITOU;wksRowTelehandler;MHT;MHT 8;53027499
MHT-X 950;MHT-X 950;MANITOU;wksRowTelehandler;MHT;MHT 9;909065
MI 100 D;MI 100;MANITOU;wksRowVMForklift;Industrial - Semi Industrial;MI;52000295
MI 100 D F;MI 100;MANITOU;wksRowVMForklift;Industrial - Semi Industrial;MI;52000469
MI 100D ST4 S2;MI 100;MANITOU;wksRowVMForklift;Industrial - Semi Industrial;MI;52000868
MI 100D ST4 S2;MI 100D;MANITOU;wksRowVMForklift;Industrial - Semi Industrial;MI;52001002
MI 100D ST4 S2 FOB;MI 100;MANITOU;wksRowVMForklift;Industrial - Semi Industrial;MI;52000873
MI 15 D;MI 15 D;MANITOU;wksRowVMForklift;Industrial - Semi Industrial;MI;52000207
MI 15 D;MI 15 D;MANITOU;wksRowVMForklift;Industrial - Semi Industrial;MI;52001161
MI 15 D F;MI 15 D;MANITOU;wksRowVMForklift;Industrial - Semi Industrial;MI;52000219
MI 15 G;MI 15 G;MANITOU;wksRowVMForklift;Industrial - Semi Industrial;MI;52000213
MI 15 G F;MI 15 G;MANITOU;wksRowVMForklift;Industrial - Semi Industrial;MI;52000225
MI 18 D;MI 18 D;MANITOU;wksRowVMForklift;Industrial - Semi Industrial;MI;52000208
MI 18 D;MI 18 D;MANITOU;wksRowVMForklift;Industrial - Semi Industrial;MI;52001162
MI 18 D F;MI 18 D;MANITOU;wksRowVMForklift;Industrial - Semi Industrial;MI;52000220
MI 18 G;MI 18 G;MANITOU;wksRowVMForklift;Industrial - Semi Industrial;MI;52000214
MI 18 G F;MI 18 G;MANITOU;wksRowVMForklift;Industrial - Semi Industrial;MI;52000226
MI 20 D;MI 20 D;MANITOU;wksRowVMForklift;Industrial - Semi Industrial;MI;52000209
MI 20 D F;MI 20 D;MANITOU;wksRowVMForklift;Industrial - Semi Industrial;MI;52000221
MI 20 D S3;MI 20 D;MANITOU;wksRowVMForklift;Industrial - Semi Industrial;MI;52001067
MI 20 G;MI 20 G;MANITOU;wksRowVMForklift;Industrial - Semi Industrial;MI;52000215
MI 20 G;MI 20 G;MANITOU;wksRowVMForklift;Industrial - Semi Industrial;MI;52000955
MI 20 G F;MI 20 G;MANITOU;wksRowVMForklift;Industrial - Semi Industrial;MI;52000227
MI 25 D;MI 25 D;MANITOU;wksRowVMForklift;Industrial - Semi Industrial;MI;52000210
MI 25 D F;MI 25 D;MANITOU;wksRowVMForklift;Industrial - Semi Industrial;MI;52000222
MI 25 D S3;MI 25 D;MANITOU;wksRowVMForklift;Industrial - Semi Industrial;MI;52001068
MI 25 G;MI 25 G;MANITOU;wksRowVMForklift;Industrial - Semi Industrial;MI;52000216
MI 25 G;MI 25 G;MANITOU;wksRowVMForklift;Industrial - Semi Industrial;MI;52000956
MI 25 G F;MI 25 G;MANITOU;wksRowVMForklift;Industrial - Semi Industrial;MI;52000228
MI 30 D;MI 30 D;MANITOU;wksRowVMForklift;Industrial - Semi Industrial;MI;52000211
MI 30 D F;MI 30 D;MANITOU;wksRowVMForklift;Industrial - Semi Industrial;MI;52000223
MI 30 D S3;MI 30 D;MANITOU;wksRowVMForklift;Industrial - Semi Industrial;MI;52001069
MI 30 G;MI 30 G;MANITOU;wksRowVMForklift;Industrial - Semi Industrial;MI;52000217
MI 30 G;MI 30 G;MANITOU;wksRowVMForklift;Industrial - Semi Industrial;MI;52000957
MI 30 G F;MI 30 G;MANITOU;wksRowVMForklift;Industrial - Semi Industrial;MI;52000229
MI 35 D;MI 35 D;MANITOU;wksRowVMForklift;Industrial - Semi Industrial;MI;52000212
MI 35 D F;MI 35 D;MANITOU;wksRowVMForklift;Industrial - Semi Industrial;MI;52000224
MI 35 D S3;MI 35 D;MANITOU;wksRowVMForklift;Industrial - Semi Industrial;MI;52001070
MI 35 G;MI 35 G;MANITOU;wksRowVMForklift;Industrial - Semi Industrial;MI;52000218
MI 35 G;MI 35 G;MANITOU;wksRowVMForklift;Industrial - Semi Industrial;MI;52000958
MI 35 G F;MI 35 G;MANITOU;wksRowVMForklift;Industrial - Semi Industrial;MI;52000230
MI 40 D;MI 40 D;MANITOU;wksRowVMForklift;Industrial - Semi Industrial;MI;52000357
MI 40 D;MI 40 D;MANITOU;wksRowVMForklift;Industrial - Semi Industrial;MI;52000989
MI 40 D F;MI 40 D;MANITOU;wksRowVMForklift;Industrial - Semi Industrial;MI;52000451
MI 40 G;MI 40 G;MANITOU;wksRowVMForklift;Industrial - Semi Industrial;MI;52000360
MI 40 G;MI 40 G;MANITOU;wksRowVMForklift;Industrial - Semi Industrial;MI;52000992
MI 40 G F;MI 40 G;MANITOU;wksRowVMForklift;Industrial - Semi Industrial;MI;52000454
MI 45 D;MI 45 D;MANITOU;wksRowVMForklift;Industrial - Semi Industrial;MI;52000358
MI 45 D;MI 45 D;MANITOU;wksRowVMForklift;Industrial - Semi Industrial;MI;52000990
MI 45 D F;MI 45 D;MANITOU;wksRowVMForklift;Industrial - Semi Industrial;MI;52000452
MI 45 G;MI 45 G;MANITOU;wksRowVMForklift;Industrial - Semi Industrial;MI;52000361
MI 45 G;MI 45 G;MANITOU;wksRowVMForklift;Industrial - Semi Industrial;MI;52000993
MI 45 G F;MI 45 G;MANITOU;wksRowVMForklift;Industrial - Semi Industrial;MI;52000455
MI 50 D;MI 50 D;MANITOU;wksRowVMForklift;Industrial - Semi Industrial;MI;52000359
MI 50 D;MI 50 D;MANITOU;wksRowVMForklift;Industrial - Semi Industrial;MI;52000991
MI 50 D F;MI 50 D;MANITOU;wksRowVMForklift;Industrial - Semi Industrial;MI;52000453
MI 50 G;MI 50 G;MANITOU;wksRowVMForklift;Industrial - Semi Industrial;MI;52000362
MI 50 G;MI 50 G;MANITOU;wksRowVMForklift;Industrial - Semi Industrial;MI;52000994
MI 50 G F;MI 50 G;MANITOU;wksRowVMForklift;Industrial - Semi Industrial;MI;52000456
MI 50L D;MI 50L ;MANITOU;wksRowVMForklift;Industrial - Semi Industrial;MI;52000286
MI 50L D F;MI 50L ;MANITOU;wksRowVMForklift;Industrial - Semi Industrial;MI;52000460
MI 50L G;MI 50L ;MANITOU;wksRowVMForklift;Industrial - Semi Industrial;MI;52000289
MI 50L G;MI 50L ;MANITOU;wksRowVMForklift;Industrial - Semi Industrial;MI;52001124
MI 50L G F;MI 50L ;MANITOU;wksRowVMForklift;Industrial - Semi Industrial;MI;52000463
MI 50L G F;MI 50L ;MANITOU;wksRowVMForklift;Industrial - Semi Industrial;MI;52001129
MI 50L G S2;MI 50L ;MANITOU;wksRowVMForklift;Industrial - Semi Industrial;MI;52000998
MI 50LD ST3B S2;MI 50L;MANITOU;wksRowVMForklift;Industrial - Semi Industrial;MI;52000864
MI 50LD ST3B S2;MI 50LD;MANITOU;wksRowVMForklift;Industrial - Semi Industrial;MI;52000995
MI 50LD ST3B S2 FOB;MI 50L;MANITOU;wksRowVMForklift;Industrial - Semi Industrial;MI;52000869
MI 60 D;MI 60 D;MANITOU;wksRowVMForklift;Industrial - Semi Industrial;MI;52000287
MI 60 D F;MI 60 D;MANITOU;wksRowVMForklift;Industrial - Semi Industrial;MI;52000461
MI 60 G;MI 60 G;MANITOU;wksRowVMForklift;Industrial - Semi Industrial;MI;52000290
MI 60 G;MI 60 G;MANITOU;wksRowVMForklift;Industrial - Semi Industrial;MI;52001125
MI 60 G F;MI 60 G;MANITOU;wksRowVMForklift;Industrial - Semi Industrial;MI;52000464
MI 60 G F;MI 60 G;MANITOU;wksRowVMForklift;Industrial - Semi Industrial;MI;52001130
MI 60 G S2;MI 60 G;MANITOU;wksRowVMForklift;Industrial - Semi Industrial;MI;52000999
MI 60 H;MI 60 H;;;;;
MI 60 T EVOLUTION S2E2        ;MI 60 T   ;;;;;
MI 60D ST3B S2;MI 60D;MANITOU;wksRowVMForklift;Industrial - Semi Industrial;MI;52000865
MI 60D ST3B S2;MI 60D ;MANITOU;wksRowVMForklift;Industrial - Semi Industrial;MI;52000996
MI 60D ST3B S2 FOB;MI 60D;MANITOU;wksRowVMForklift;Industrial - Semi Industrial;MI;52000870
MI 70 D;MI 70 D;MANITOU;wksRowVMForklift;Industrial - Semi Industrial;MI;52000288
MI 70 D F;MI 70 D;MANITOU;wksRowVMForklift;Industrial - Semi Industrial;MI;52000462
MI 70 G;MI 70 G;MANITOU;wksRowVMForklift;Industrial - Semi Industrial;MI;52000291
MI 70 G;MI 70 G;MANITOU;wksRowVMForklift;Industrial - Semi Industrial;MI;52001126
MI 70 G F;MI 70 G;MANITOU;wksRowVMForklift;Industrial - Semi Industrial;MI;52000465
MI 70 G F;MI 70 G;MANITOU;wksRowVMForklift;Industrial - Semi Industrial;MI;52001131
MI 70 G S2;MI 70 G;MANITOU;wksRowVMForklift;Industrial - Semi Industrial;MI;52001000
MI 70 H;MI 70 H;;;;;
MI 70D ST3B S2;MI 70D;MANITOU;wksRowVMForklift;Industrial - Semi Industrial;MI;52000866
MI 70D ST3B S2;MI 70D ;MANITOU;wksRowVMForklift;Industrial - Semi Industrial;MI;52000997
MI 70D ST3B S2 FOB;MI 70D;MANITOU;wksRowVMForklift;Industrial - Semi Industrial;MI;52000871
MI 80 D;MI 80;MANITOU;wksRowVMForklift;Industrial - Semi Industrial;MI;52000294
MI 80 D F;MI 80 D;MANITOU;wksRowVMForklift;Industrial - Semi Industrial;MI;52000468
MI 80D ST4 S2;MI 80D;MANITOU;wksRowVMForklift;Industrial - Semi Industrial;MI;52000867
MI 80D ST4 S2;MI 80D ;MANITOU;wksRowVMForklift;Industrial - Semi Industrial;MI;52001001
MI 80D ST4 S2 FOB;MI 80D;MANITOU;wksRowVMForklift;Industrial - Semi Industrial;MI;52000872
MI-X 100 D;MI-X 100;MANITOU;wksRowVMForklift;Industrial - Semi Industrial;MI;52000293
MI-X 100 D;MI-X 100;MANITOU;wksRowVMForklift;Industrial - Semi Industrial;MI;52001128
MI-X 40 D F;MI-X 40;MANITOU;wksRowVMForklift;Industrial - Semi Industrial;MI;52000354
MI-X 45 D F;MI-X 45;MANITOU;wksRowVMForklift;Industrial - Semi Industrial;MI;52000355
MI-X 50 D F;MI-X 50;MANITOU;wksRowVMForklift;Industrial - Semi Industrial;MI;52000356
MI-X 50L D;MI-X 50;MANITOU;wksRowVMForklift;Industrial - Semi Industrial;MI;52000283
MI-X 50L D;MI-X 50;MANITOU;wksRowVMForklift;Industrial - Semi Industrial;MI;52001121
MI-X 60 D;MI-X 60;MANITOU;wksRowVMForklift;Industrial - Semi Industrial;MI;52000284
MI-X 60 D;MI-X 60;MANITOU;wksRowVMForklift;Industrial - Semi Industrial;MI;52001122
MI-X 70 D;MI-X 70;MANITOU;wksRowVMForklift;Industrial - Semi Industrial;MI;52000285
MI-X 70 D;MI-X 70;MANITOU;wksRowVMForklift;Industrial - Semi Industrial;MI;52001123
MI-X 80 D;MI-X 80;MANITOU;wksRowVMForklift;Industrial - Semi Industrial;MI;52000292
MI-X 80 D;MI-X 80;MANITOU;wksRowVMForklift;Industrial - Semi Industrial;MI;52001127
ML 40;ML 40;;;;;
ML 400                        ;ML 400                        ;;;;;
ML 635;ML 635;;;;;
MLA 627 T;MLA 627 T;;;;;
MLA 628 120 T LSU PS S3E2     ;MLA 628;;;;;
MLA-T 533-145 V+;MLA-T 533;MANITOU;wksRowTelehandler;MLA;MLA-T 533;53021446
MLB 625 T;MLB 625 T;;;;;
MLT 1035 L T LSU S4E3         ;MLT 1035      ;;;;;
MLT 1040 L 137 PS;MLT 1040;MANITOU;wksRowTelehandler;MLT;MLT 1040;790585
MLT 1040 L 137 PS;MLT 1040;MANITOU;wksRowTelehandler;MLT;MLT 1040;52000377
MLT 1040-145 PS;MLT 1040;MANITOU;wksRowTelehandler;MLT;MLT 1040;52000730
MLT 1040-145 PS (Série 2);MLT 1040;MANITOU;wksRowTelehandler;MLT;MLT 1040;52000883
MLT 1040-145 PS L;MLT 1040;MANITOU;wksRowTelehandler;MLT;MLT 1040;52000731
MLT 1040-145 PS L (Série 2);MLT 1040;MANITOU;wksRowTelehandler;MLT;MLT 1040;52000884
MLT 523 T - SBE2;MLT 523 T;;;;;
MLT 524;MLT 524;;;;;
MLT 526 COMPACT SA;MLT 526;;;;;
MLT 527;MLT 527;;;;;
MLT 625 75 H;MLT 625;MANITOU;wksRowTelehandler;MLT;MLT 625;52000083
"MLT 627 COMP-SBE2 (20"")";MLT 627;;;;;
MLT 628 T PS MU;MLT 628;;;;;
MLT 629-20;MLT 629;MANITOU;wksRowTelehandler;MLT;MLT 629;790512
MLT 629-20 COMPACT;MLT 629;MANITOU;wksRowTelehandler;MLT;MLT 629;790513
MLT 629-24;MLT 629;MANITOU;wksRowTelehandler;MLT;MLT 629;790705
MLT 630-105 (Serie 1);MLT 630;MANITOU;wksRowTelehandler;MLT;MLT 630;52000757
MLT 630-105 (Serie 2);MLT 630;MANITOU;wksRowTelehandler;MLT;MLT 630;52000945
MLT 630-105 V (Serie 1);MLT 630;MANITOU;wksRowTelehandler;MLT;MLT 630;52000759
MLT 630-105 V (Serie 2);MLT 630;MANITOU;wksRowTelehandler;MLT;MLT 630;52000947
MLT 630-105 V CP (Serie 1);MLT 630;MANITOU;wksRowTelehandler;MLT;MLT 630;52000758
MLT 630-105 V CP (Serie 2);MLT 630;MANITOU;wksRowTelehandler;MLT;MLT 630;52000946
MLT 632 T MU;MLT 632;;;;;
MLT 633 T LS;MLT 633;;;;;
MLT 634 120;MLT 634;MANITOU;wksRowTelehandler;MLT;MLT 634;790679
MLT 634 120;MLT 634;MANITOU;wksRowTelehandler;MLT;MLT 634;52000399
MLT 634 120 PS;MLT 634;MANITOU;wksRowTelehandler;MLT;MLT 634;790680
MLT 635-130 PS+ (Serie 1);MLT 635;MANITOU;wksRowTelehandler;MLT;MLT 635;52000621
MLT 635-130 PS+ (Serie 2);MLT 635;MANITOU;wksRowTelehandler;MLT;MLT 635;52000914
MLT 635-140 V+ (Serie 1);MLT 635;MANITOU;wksRowTelehandler;MLT;MLT 635;52000744
MLT 635-140 V+ (Serie 2);MLT 635;MANITOU;wksRowTelehandler;MLT;MLT 635;52000918
MLT 728;MLT 728;;;;;
MLT 730 115D V CP ST4 S1;MLT 730;MANITOU;wksRowTelehandler;MLT;MLT 730;52000969
MLT 730 115D V ST4 S1;MLT 730;MANITOU;wksRowTelehandler;MLT;MLT 730;52000970
MLT 731-120 LSU PS - SBE2;MLT 731;;;;;
MLT 732 100;MLT 732;MANITOU;wksRowTelehandler;MLT;MLT 732;52000183
"MLT 733 -105 - Non homologuée ""Tracteur"" (Serie 1)";MLT 733;MANITOU;wksRowTelehandler;MLT;MLT 733;52000623
"MLT 733 -105 - Non homologuée ""Tracteur"" (Serie 2)";MLT 733;MANITOU;wksRowTelehandler;MLT;MLT 733;52000898
MLT 733 -105 (Serie 1);MLT 733;MANITOU;wksRowTelehandler;MLT;MLT 733;52000624
MLT 733 -105 (Serie 2);MLT 733;MANITOU;wksRowTelehandler;MLT;MLT 733;52000902
MLT 733 -105 LSU (Serie 1);MLT 733;MANITOU;wksRowTelehandler;MLT;MLT 733;52000817
MLT 733 -105 LSU (Serie 2);MLT 733;MANITOU;wksRowTelehandler;MLT;MLT 733;52000906
"MLT 733 -115 - Non homologuée ""Tracteur"" (Serie 3)";MLT 733;MANITOU;wksRowTelehandler;MLT;MLT 733;52001016
MLT 733 -115 (Serie 3);MLT 733;MANITOU;wksRowTelehandler;MLT;MLT 733;52001020
MLT 733 -115 LSU (Serie 3);MLT 733;MANITOU;wksRowTelehandler;MLT;MLT 733;52001024
MLT 735 100;MLT 735;MANITOU;wksRowTelehandler;MLT;MLT 735;790681
MLT 735 120;MLT 735;MANITOU;wksRowTelehandler;MLT;MLT 735;790682
MLT 735 120 PS;MLT 735;MANITOU;wksRowTelehandler;MLT;MLT 735;790683
MLT 735 H;MLT 735;MANITOU;wksRowTelehandler;MLT;MLT 735;53000589
MLT 737-130 PS+ (Serie 1);MLT 737;MANITOU;wksRowTelehandler;MLT;MLT 737;52000622
MLT 737-130 PS+ (Serie 2);MLT 737;MANITOU;wksRowTelehandler;MLT;MLT 737;52000910
MLT 740 HTLSU;MLT 740;;;;;
MLT 741 100;MLT 741;MANITOU;wksRowTelehandler;MLT;MLT 741;52000036
MLT 741 100 H;MLT 741;MANITOU;wksRowTelehandler;MLT;MLT 741;930996
MLT 741 120;MLT 741;MANITOU;wksRowTelehandler;MLT;MLT 741;52000037
MLT 741 120 H;MLT 741;MANITOU;wksRowTelehandler;MLT;MLT 741;930997
MLT 741 120 PS;MLT 741;MANITOU;wksRowTelehandler;MLT;MLT 741;52000038
MLT 741-140 V+ (Serie 1);MLT 741;MANITOU;wksRowTelehandler;MLT;MLT 741;52000745
MLT 741-140 V+ (Série 2);MLT 741;MANITOU;wksRowTelehandler;MLT;MLT 741;52000922
MLT 742 H T LSU EVOLUTION S3E2;MLT 742;;;;;
MLT 840 115 PS;MLT 840;MANITOU;wksRowTelehandler;MLT;MLT 840;790295
MLT 840 115 PS;MLT 840;MANITOU;wksRowTelehandler;MLT;MLT 840;52000371
MLT 840 137 PS;MLT 840;MANITOU;wksRowTelehandler;MLT;MLT 840;790297
MLT 840 137 PS;MLT 840;MANITOU;wksRowTelehandler;MLT;MLT 840;52000374
MLT 840-115 PS;MLT 840;MANITOU;wksRowTelehandler;MLT;MLT 840;52000728
MLT 840-115 PS (Série 3);MLT 840;MANITOU;wksRowTelehandler;MLT;MLT 840;52000881
MLT 840-145 PS;MLT 840;MANITOU;wksRowTelehandler;MLT;MLT 840;52000729
MLT 840-145 PS (Série 2);MLT 840;MANITOU;wksRowTelehandler;MLT;MLT 840;52000882
MLT 845 100 H;MLT 845;MANITOU;wksRowTelehandler;MLT;MLT 845;53006913
MLT 845 120;MLT 845;MANITOU;wksRowTelehandler;MLT;MLT 845;53006736
MLT 935 100 H;MLT 935;MANITOU;wksRowTelehandler;MLT;MLT 935;53000590
MLT 940 120 H;MLT 940;MANITOU;wksRowTelehandler;MLT;MLT 940;930998
MLT 940-140 V+ (Serie 1);MLT 940;MANITOU;wksRowTelehandler;MLT;MLT 940;52000746
MLT 940-140 V+ (Série 2);MLT 940;MANITOU;wksRowTelehandler;MLT;MLT 940;52000926
MLT 960 ST3B;MLT 960;MANITOU;wksRowTelehandler;MLT;MLT 960;922323
MLT 960 ST4;MLT 960;MANITOU;wksRowTelehandler;MLT;MLT 960;53011471
MLT 960 ST4 S2;MLT 960;MANITOU;wksRowTelehandler;MLT;MLT 960;52588842
MLT-X 1035;MLT-X 1035;MANITOU;wksRowTelehandler;MLT;MLT 1035;52000067
MLT-X 1040 L 137 PS;MLT-X 1040;MANITOU;wksRowTelehandler;MLT;MLT 1040;52000120
MLT-X 1040-140 PS L;MLT-X 1040;MANITOU;wksRowTelehandler;MLT;MLT 1040;52000727
MLT-X 1040-140 PS L (Série 2);MLT-X 1040;MANITOU;wksRowTelehandler;MLT;MLT 1040;52000880
MLT-X 625 75 H;MLT-X 625;MANITOU;wksRowTelehandler;MLT;MLT 625;790573
MLT-X 627;MLT-X 627;MANITOU;wksRowTelehandler;MLT;MLT 627;790662
MLT-X 627;MLT-X 627;MANITOU;wksRowTelehandler;MLT;MLT 627;790663
MLT-X 627;MLT-X 627;MANITOU;wksRowTelehandler;MLT;MLT 627;790664
MLT-X 732;MLT-X 732;MANITOU;wksRowTelehandler;MLT;MLT 732;52000332
MLT-X 735;MLT-X 735;MANITOU;wksRowTelehandler;MLT;MLT 735;790474
MLT-X 735 120;MLT-X 735;MANITOU;wksRowTelehandler;MLT;MLT 735;790475
MLT-X 735 120 PS;MLT-X 735;MANITOU;wksRowTelehandler;MLT;MLT 735;52000177
MLT-X 741 120;MLT-X 741;MANITOU;wksRowTelehandler;MLT;MLT 741;52000066
MLT-X 840 137 PS;MLT-X 840;MANITOU;wksRowTelehandler;MLT;MLT 840;52000117
MLT-X 840-140 PS;MLT-X 840;MANITOU;wksRowTelehandler;MLT;MLT 840;52000726
MLT-X 840-140 PS (Série 2);MLT-X 840;MANITOU;wksRowTelehandler;MLT;MLT 840;52000879
MLT-X 845 120;MLT-X 845;MANITOU;wksRowTelehandler;MLT;MLT 845;908646
MLT-X 845 120 H;MLT-X 845;MANITOU;wksRowTelehandler;MLT;MLT 845;908647
MLT-X 960;MLT-X 960;MANITOU;wksRowTelehandler;MLT;MLT 960;930386
MRT 1330;MRT 1330;;;;;
MRT 1432;MRT 1432;;;;;
MRT 1432 M ROT CONTINUE;MRT 1432;;;;;
MRT 1440 EASY 400°;MRT 1440;MANITOU;wksRowTelehandler;MRT;MRT EASY;911656
MRT 1440 EASY 400° 3B S2;MRT 1440;MANITOU;wksRowTelehandler;MRT;MRT EASY;53024523
MRT 1440 EASY 400° ST4 S2;MRT 1440;MANITOU;wksRowTelehandler;MRT;MRT EASY;53024524
MRT 1542;MRT 1542;;;;;
MRT 1635 M;MRT 1635;;;;;
MRT 1640 EASY 360°;MRT 1640;MANITOU;wksRowTelehandler;MRT;MRT EASY;929985
MRT 1640 EASY 360° 3B S2;MRT 1640;MANITOU;wksRowTelehandler;MRT;MRT EASY;53024529
MRT 1640 EASY 360° ST4 S2;MRT 1640;MANITOU;wksRowTelehandler;MRT;MRT EASY;53024530
MRT 1640 EASY 400°;MRT 1640;MANITOU;wksRowTelehandler;MRT;MRT EASY;911657
MRT 1640 EASY 400° 3B S2;MRT 1640;MANITOU;wksRowTelehandler;MRT;MRT EASY;53024526
MRT 1640 EASY 400° ST4 S2;MRT 1640;MANITOU;wksRowTelehandler;MRT;MRT EASY;53024527
MRT 1650;MRT 1650;;;;;
MRT 1742 (360°) E3 FP         ;MRT 1742    ;;;;;
MRT 1840 EASY 360°;MRT 1840;MANITOU;wksRowTelehandler;MRT;MRT EASY;911659
MRT 1840 EASY 360° 3B S2;MRT 1840;MANITOU;wksRowTelehandler;MRT;MRT EASY;53024535
MRT 1840 EASY 360° ST4 S2;MRT 1840;MANITOU;wksRowTelehandler;MRT;MRT EASY;53024536
MRT 1840 EASY 400°;MRT 1840;MANITOU;wksRowTelehandler;MRT;MRT EASY;911658
MRT 1840 EASY 400° 3B S2;MRT 1840;MANITOU;wksRowTelehandler;MRT;MRT EASY;53024532
MRT 1840 EASY 400° ST4 S2;MRT 1840;MANITOU;wksRowTelehandler;MRT;MRT EASY;53024533
MRT 1842 (360°) E2 FP         ;MRT 1842  ;;;;;
MRT 1850 + PRIV ST3A;MRT 1850;MANITOU;wksRowTelehandler;MRT;MRT PRIVILEGE;909294
MRT 2145 EASY 360°;MRT 2145;MANITOU;wksRowTelehandler;MRT;MRT EASY;53019869
MRT 2145 EASY 360° 3B S2;MRT 2145;MANITOU;wksRowTelehandler;MRT;MRT EASY;53024516
MRT 2145 EASY 360° ST4 S2;MRT 2145;MANITOU;wksRowTelehandler;MRT;MRT EASY;53024517
MRT 2145 EASY 400°;MRT 2145;MANITOU;wksRowTelehandler;MRT;MRT EASY;53006772
MRT 2145 EASY 400° 3B S2;MRT 2145;MANITOU;wksRowTelehandler;MRT;MRT EASY;53024514
MRT 2145 EASY 400° ST4 S2;MRT 2145;MANITOU;wksRowTelehandler;MRT;MRT EASY;53024515
MRT 2150 +;MRT 2150;MANITOU;wksRowTelehandler;MRT;MRT PRIVILEGE;926545
MRT 2150 +;MRT 2150;MANITOU;wksRowTelehandler;MRT;MRT PRIVILEGE;53012632
MRT 2150 + PRIV ST3A;MRT 2150;MANITOU;wksRowTelehandler;MRT;MRT PRIVILEGE;909295
MRT 2440 SE2;MRT 2440;;;;;
MRT 2470 +;MRT 2470;MANITOU;wksRowTelehandler;MRT;MRT PRIVILEGE;53014772
MRT 2540 +;MRT 2540;MANITOU;wksRowTelehandler;MRT;MRT PRIVILEGE;933448
MRT 2540 + PRIV ST3A;MRT 2540;MANITOU;wksRowTelehandler;MRT;MRT PRIVILEGE;908988
MRT 2545 EASY 360° 3B;MRT 2545;MANITOU;wksRowTelehandler;MRT;MRT EASY;53024520
MRT 2545 EASY 360° ST4;MRT 2545;MANITOU;wksRowTelehandler;MRT;MRT EASY;53024521
MRT 2545 EASY 400° 3B;MRT 2545;MANITOU;wksRowTelehandler;MRT;MRT EASY;53020044
MRT 2545 EASY 400° ST4;MRT 2545;MANITOU;wksRowTelehandler;MRT;MRT EASY;53024518
MRT 2550 +;MRT 2550;MANITOU;wksRowTelehandler;MRT;MRT PRIVILEGE;53012633
MRT 3050 +;MRT 3050;MANITOU;wksRowTelehandler;MRT;MRT PRIVILEGE;53003630
MRT 3255 + PRIVILEGE;MRT 3255;MANITOU;wksRowTelehandler;MRT;MRT PRIVILEGE;926547
MRT-X 1440 EASY 400°;MRT-X 1440;MANITOU;wksRowTelehandler;MRT;MRT EASY;909756
MRT-X 1440 EASY 400° E3 S2;MRT-X 1440;MANITOU;wksRowTelehandler;MRT;MRT EASY;53024525
MRT-X 1640 EASY 360° E3 S2;MRT-X 1640;MANITOU;wksRowTelehandler;MRT;MRT EASY;53024531
MRT-X 1640 EASY 400°;MRT-X 1640;MANITOU;wksRowTelehandler;MRT;MRT EASY;907408
MRT-X 1640 EASY 400° E3 S2;MRT-X 1640;MANITOU;wksRowTelehandler;MRT;MRT EASY;53024528
MRT-X 1840 EASY 360°;MRT-X 1840;MANITOU;wksRowTelehandler;MRT;MRT EASY;907425
MRT-X 1840 EASY 360° E3 S2;MRT-X 1840;MANITOU;wksRowTelehandler;MRT;MRT EASY;53024537
MRT-X 1840 EASY 400°;MRT-X 1840;MANITOU;wksRowTelehandler;MRT;MRT EASY;907409
MRT-X 1840 EASY 400° E3 S2;MRT-X 1840;MANITOU;wksRowTelehandler;MRT;MRT EASY;53024534
MRT-X 2145 EASY 360° E3;MRT-X 2145;MANITOU;wksRowTelehandler;MRT;MRT EASY;53020043
MRT-X 2145 EASY 400° E3;MRT-X 2145;MANITOU;wksRowTelehandler;MRT;MRT EASY;53020042
MRT-X 2150 +;MRT-X 2150;MANITOU;wksRowTelehandler;MRT;MRT PRIVILEGE;921074
MRT-X 2150 +;MRT-X 2150;MANITOU;wksRowTelehandler;MRT;MRT PRIVILEGE;53015667
MRT-X 2470 +;MRT-X 2470;MANITOU;wksRowTelehandler;MRT;MRT PRIVILEGE;53022803
MRT-X 2540 +;MRT-X 2540;MANITOU;wksRowTelehandler;MRT;MRT PRIVILEGE;921075
MRT-X 2545 EASY 360° E3;MRT-X 2545;MANITOU;wksRowTelehandler;MRT;MRT EASY;53024522
MRT-X 2545 EASY 400° E3;MRT-X 2545;MANITOU;wksRowTelehandler;MRT;MRT EASY;53024519
MRT-X 2550 +;MRT-X 2550;MANITOU;wksRowTelehandler;MRT;MRT PRIVILEGE;53015668
MRT-X 3050;MRT-X 3050;MANITOU;wksRowTelehandler;MRT;MRT PRIVILEGE;910034
MRT-X 3050 +;MRT-X 3050;MANITOU;wksRowTelehandler;MRT;MRT PRIVILEGE;53021374
MRT-X 3255 + PRIVILEGE;MRT-X 3255;MANITOU;wksRowTelehandler;MRT;MRT PRIVILEGE;934527
MSI 20 3B;MSI 20 ;MANITOU;wksRowVMForklift;Industrial - Semi Industrial;MSI;52000106
MSI 25 3A;MSI 25 ;MANITOU;wksRowVMForklift;Industrial - Semi Industrial;MSI;52000564
MSI 25 3B;MSI 25 ;MANITOU;wksRowVMForklift;Industrial - Semi Industrial;MSI;52000107
MSI 25 D;MSI 25 ;MANITOU;wksRowVMForklift;Industrial - Semi Industrial;MSI;52001008
MSI 25 T 3A;MSI 25 ;MANITOU;wksRowVMForklift;Industrial - Semi Industrial;MSI;52000126
MSI 30 3A;MSI 30 ;MANITOU;wksRowVMForklift;Industrial - Semi Industrial;MSI;52000565
MSI 30 3B;MSI 30 ;MANITOU;wksRowVMForklift;Industrial - Semi Industrial;MSI;52000108
MSI 30 D;MSI 30 ;MANITOU;wksRowVMForklift;Industrial - Semi Industrial;MSI;52001009
MSI 30 G;MSI 30 G;;;;;
MSI 30 T 3A;MSI 30 ;MANITOU;wksRowVMForklift;Industrial - Semi Industrial;MSI;52000347
MSI 35 3A;MSI 35 ;MANITOU;wksRowVMForklift;Industrial - Semi Industrial;MSI;52000566
MSI 35 3B;MSI 35 ;MANITOU;wksRowVMForklift;Industrial - Semi Industrial;MSI;52000109
MSI 35 D;MSI 35 ;MANITOU;wksRowVMForklift;Industrial - Semi Industrial;MSI;52001010
MSI 35 T 3A;MSI 35 ;MANITOU;wksRowVMForklift;Industrial - Semi Industrial;MSI;52000127
MSI 40 3B;MSI 40;MANITOU;wksRowVMForklift;Industrial - Semi Industrial;MSI;662867
MSI 50 3B;MSI 50 ;MANITOU;wksRowVMForklift;Industrial - Semi Industrial;MSI;662868
MT 1030 EASY;MT 1030 ;MANITOU;wksRowTelehandler;MT;MT 10;52000717
MT 1135;MT 1135;MANITOU;wksRowTelehandler;MT;MT 11;790524
MT 1135;MT 1135;MANITOU;wksRowTelehandler;MT;MT 11;52000672
MT 1135 EASY;MT 1135 ;MANITOU;wksRowTelehandler;MT;MT 11;52000427
MT 1135 H;MT 1135 ;MANITOU;wksRowTelehandler;MT;MT 11;790641
MT 1135 HA;MT 1135 ;MANITOU;wksRowTelehandler;MT;MT 11;790642
MT 1135 HA EASY;MT 1135 ;MANITOU;wksRowTelehandler;MT;MT 11;52000428
MT 1232 S;MT 1232;;;;;
MT 1233 S S2;MT 1233;;;;;
MT 1235 H S T S2E2            ;MT 1235         ;;;;;
MT 1240 L;MT 1240;;;;;
MT 1330 SL;MT 1330;;;;;
MT 1332 H SLT MU ORH;MT 1332;;;;;
MT 1335;MT 1335;MANITOU;wksRowTelehandler;MT;MT 13;790422
MT 1335;MT 1335;MANITOU;wksRowTelehandler;MT;MT 13;52000671
MT 1335 EASY;MT 1335 ;MANITOU;wksRowTelehandler;MT;MT 13;52000424
MT 1335 H;MT 1335 ;MANITOU;wksRowTelehandler;MT;MT 13;790423
MT 1335 H EASY;MT 1335;MANITOU;wksRowTelehandler;MT;MT 13;52000425
MT 1335 HA;MT 1335 ;MANITOU;wksRowTelehandler;MT;MT 13;790424
MT 1335 HA EASY;MT 1335;MANITOU;wksRowTelehandler;MT;MT 13;52000426
MT 1337 S L T;MT 1337;;;;;
MT 1340 SLT - S3E2;MT 1340;;;;;
MT 1435;MT 1435;MANITOU;wksRowTelehandler;MT;MT 14;52000233
MT 1435 Easy;MT 1435;MANITOU;wksRowTelehandler;MT;MT 14;52000409
MT 1436 - R;MT 1436;;;;;
MT 1440;MT 1440;MANITOU;wksRowTelehandler;MT;MT 14;52000234
MT 1440;MT 1440;MANITOU;wksRowTelehandler;MT;MT 14;52000677
MT 1440 A;MT 1440;MANITOU;wksRowTelehandler;MT;MT 14;790438
MT 1440 A;MT 1440;MANITOU;wksRowTelehandler;MT;MT 14;52000678
MT 1440 Easy;MT 1440;MANITOU;wksRowTelehandler;MT;MT 14;52000410
MT 1440 H;MT 1440;MANITOU;wksRowTelehandler;MT;MT 14;790441
MT 1440 HA;MT 1440;MANITOU;wksRowTelehandler;MT;MT 14;790442
MT 1440 HA;MT 1440;MANITOU;wksRowTelehandler;MT;MT 14;52000787
MT 1445 H LT S2E2             ;MT 1445           ;;;;;
"MT 1530SCP SERIE ""C""";MT 1530;;;;;
MT 1637 SL S2;MT 1637;;;;;
MT 1645 H SLT USA;MT 1645;;;;;
MT 1740 SL T S3E2             ;MT 1740       ;;;;;
MT 1745 H SL MU ORH S2E3      ;MT 1745   ;;;;;
MT 1840;MT 1840;MANITOU;wksRowTelehandler;MT;MT 18;52000235
MT 1840;MT 1840;MANITOU;wksRowTelehandler;MT;MT 18;52000679
MT 1840 A;MT 1840;MANITOU;wksRowTelehandler;MT;MT 18;790440
MT 1840 A;MT 1840;MANITOU;wksRowTelehandler;MT;MT 18;52000680
MT 1840 Easy;MT 1840;MANITOU;wksRowTelehandler;MT;MT 18;52000412
MT 1840 H;MT 1840;MANITOU;wksRowTelehandler;MT;MT 18;790443
MT 1840 HA;MT 1840;MANITOU;wksRowTelehandler;MT;MT 18;790444
MT 1840 HA;MT 1840;MANITOU;wksRowTelehandler;MT;MT 18;52000788
MT 1840 PRIVILEGE             ;MT 1840     ;;;;;
MT 420 H NEW BUGGY;MT 420;MANITOU;wksRowTelehandler;MT;MT 4;52000768
MT 420 H ST5;MT 420;MANITOU;wksRowTelehandler;MT;MT 4;52001167
MT 420 H TSS ST5;MT 420;MANITOU;wksRowTelehandler;MT;MT 4;52001168
MT 425 H NEW BUGGY;MT 425;MANITOU;wksRowTelehandler;MT;MT 4;52000802
MT 425 H ST5;MT 425;MANITOU;wksRowTelehandler;MT;MT 4;52001169
MT 523 - SBE2;MT 523 ;;;;;
MT 620                SBE2;MT 620;;;;;
MT 625 Flameproof;MT 625;MANITOU;wksRowTelehandler;MT;MT 6;933723
MT 625 Flameproof;MT 625;MANITOU;wksRowTelehandler;MT;MT Mining/Flameproof;933723
MT 625 H;MT 625;MANITOU;wksRowTelehandler;MT;MT 6;52000084
MT 625 H COMFORT;MT 625;MANITOU;wksRowTelehandler;MT;MT 6;52000085
MT 625 H EASY;MT 625;MANITOU;wksRowTelehandler;MT;MT 6;52000313
MT 625 HA;MT 625;MANITOU;wksRowTelehandler;MT;MT 6;52000511
MT 728                SDE3;MT 728 ;;;;;
MT 732;MT 732;MANITOU;wksRowTelehandler;MT;MT 7;52000039
MT 732 - SBE2;MT 732;;;;;
MT 732 EASY;MT 732;MANITOU;wksRowTelehandler;MT;MT 7;52000182
MT 835;MT 835;MANITOU;wksRowTelehandler;MT;MT 8;790508
MT 835 EASY;MT 835;MANITOU;wksRowTelehandler;MT;MT 8;52000429
MT 835 H;MT 835;MANITOU;wksRowTelehandler;MT;MT 8;790640
MT 835 ST3B                   ;MT 835   ;;;;;
MT 845 T;MT 845;;;;;
MT 928 - SBE2;MT 928 ;;;;;
MT 932;MT 932;MANITOU;wksRowTelehandler;MT;MT 9;52000040
MT 932 25KH;MT 932;;;;;
MT 932 EASY;MT 932;MANITOU;wksRowTelehandler;MT;MT 9;52000184
MT 940 L;MT 940;;;;;
MT1033HLT;MT1033;;;;;
MTI 235;MTI 235;;;;;
MTI 240;MTI 240;;;;;
MT-X 1030 MINING;MT-X 1030 MINING;MANITOU;wksRowTelehandler;MT;MT Mining/Flameproof;935175
MT-X 1030 ST;MT-X 1030 ;MANITOU;wksRowTelehandler;MT;MT 10;790086
MT-X 1030 ST EN15000 - S5E3;MT-X 1030 ;MANITOU;wksRowTelehandler;MT;MT 10;790609
MT-X 1235 ST;MT-X 1235 ;MANITOU;wksRowTelehandler;MT;MT 12;907417
MT-X 1440;MT-X 1440;MANITOU;wksRowTelehandler;MT;MT 14;790491
MT-X 1440 A;MT-X 1440 ;MANITOU;wksRowTelehandler;MT;MT 14;790492
MT-X 1440 SLT;MT-X 1440 ;MANITOU;wksRowTelehandler;MT;MT 14;907418
MT-X 1740 SLT;MT-X 1740 ;MANITOU;wksRowTelehandler;MT;MT 17;907419
MT-X 1840;MT-X 1840;MANITOU;wksRowTelehandler;MT;MT 18;790493
MT-X 1840 A;MT-X 1840 ;MANITOU;wksRowTelehandler;MT;MT 18;790494
MT-X 1841;MT-X 1841;MANITOU;wksRowTelehandler;MT;MT 18;52000668
MT-X 625 H;MT-X 625;MANITOU;wksRowTelehandler;MT;MT 6;790574
MT-X 625 H COMFORT;MT-X 625;MANITOU;wksRowTelehandler;MT;MT 6;790575
MT-X 732;MT-X 732;MANITOU;wksRowTelehandler;MT;MT 7;52000490
MT-X 732 - SDE3;MT-X 732;MANITOU;wksRowTelehandler;MT;MT 7;790085
MT-X 732 EN15000 - SEE3;MT-X 732;MANITOU;wksRowTelehandler;MT;MT 7;790605
MT-X 732 Flameproof;MT-X 732 Flameproof;MANITOU;wksRowTelehandler;MT;MT 7;53024129
MT-X 732 Flameproof;MT-X 732 Flameproof;MANITOU;wksRowTelehandler;MT;MT Mining/Flameproof;53024129
MT-X 732 FLAMEPROOF           ;MT-X 732 FLAMEPROOF           ;;;;;
MT-X 732 MINING;MT-X 732 MINING;MANITOU;wksRowTelehandler;MT;MT Mining/Flameproof;930827
MT-X 732 MINING;MT-X 732 MINING;MANITOU;wksRowTelehandler;MT;MT Mining/Flameproof;53024197
MT-X 732 MINING               ;MT-X 732 MINING               ;;;;;
MT-X 732 S4E3                 ;MT-X 732           ;;;;;
MT-X 732 S5E3 EN              ;MT-X 732          ;;;;;
MT-X1740 SLT;MT-X 1740;MANITOU;wksRowTelehandler;MT;MT 17;53013956
MVT 1135 LT C;MVT 1135;;;;;
MVT 1330 DL;MVT 1330;;;;;
MVT 1332 DL E2;MVT 1332;;;;;
MVT 1340 LT C;MVT 1340;;;;;
MVT 628 T C E2                ;MVT 628          ;;;;;
MVT 665 T;MVT 665;;;;;
MVT 675 T;MVT 675;;;;;
MVT 730;MVT 730;MANITOU;wksRowTelehandler;MVT;MVT 729;53016897
MVT 735 T C;MVT 735;;;;;
MVT 929;MVT 929;MANITOU;wksRowTelehandler;MVT;MVT 929;53016898
MVT 935 C;MVT 935;;;;;
MVT 950 SL;MVT 950;;;;;
M-X 30-2;M-X 30;MANITOU;wksRowVMForklift;All Road - Off Road;M;51801028
M-X 30-4;M-X 30;MANITOU;wksRowVMForklift;All Road - Off Road;M;51800964
M-X 50-2;M-X 50;MANITOU;wksRowVMForklift;All Road - Off Road;M;51801029
M-X 50-4;M-X 50;MANITOU;wksRowVMForklift;All Road - Off Road;M;51800965
M-X 70-2;M-X 70;MANITOU;wksRowVMForklift;All Road - Off Road;M;51800972
PV1448;PV1448;;;;;
PV1648P;PV1648P;;;;;
R135                          ;R135                          ;;;;;
R165                          ;R165                          ;;;;;
R190 UE                       ;R190 UE                       ;;;;;
R220                          ;R220                          ;;;;;
R220 UE                       ;R220 UE                       ;;;;;
R260 UE                       ;R260 UE                       ;;;;;
RT175                         ;RT175                         ;;;;;
RT210                         ;RT210                         ;;;;;
SL 1640E                      ;SL 1640E                      ;;;;;
SL 2012                       ;SL 2012                       ;;;;;
SL 2026                       ;SL 2026                       ;;;;;
SL 2041                       ;SL 2041                       ;;;;;
SL 2044                       ;SL 2044                       ;;;;;
SL 2054                       ;SL 2054                       ;;;;;
SL 2056                       ;SL 2056                       ;;;;;
SL 2056 S2                    ;SL 2056       ;;;;;
SL 2066                       ;SL 2066                       ;;;;;
SL 2076                       ;SL 2076                       ;;;;;
SL 2086                       ;SL 2086                       ;;;;;
SL 2700V                      ;SL 2700V                      ;;;;;
SL 3300V                      ;SL 3300V                      ;;;;;
SL 3840E                      ;SL 3840E                      ;;;;;
SL 4000V                      ;SL 4000V                      ;;;;;
SL 4240E                      ;SL 4240E                      ;;;;;
SL 4640E P2                   ;SL 4640E             ;;;;;
SL 4640E TIER III             ;SL 4640E          ;;;;;
SL 5240E EU                   ;SL 5240E             ;;;;;
SL 5240E P2                   ;SL 5240E             ;;;;;
SL 5640 TIER 4I               ;SL 5640          ;;;;;
SL 6640 EU                    ;SL 6640            ;;;;;
SL V270                       ;SL V270                       ;;;;;
SL V330                       ;SL V330                       ;;;;;
SL V400                       ;SL V400                       ;;;;;
SL1640E;SL1640E;;;;;
SL1900R;SL1900R;;;;;
SL2012;SL2012;;;;;
SL2026;SL2026;;;;;
SL2041;SL2041;;;;;
SL2044;SL2044;;;;;
SL2054;SL2054;;;;;
SL2056;SL2056;;;;;
SL2066;SL2066;;;;;
SL2076;SL2076;;;;;
SL2086;SL2086;;;;;
SL2099;SL2099;;;;;
SL2107;SL2107;;;;;
SL2109;SL2109;;;;;
SL2200R;SL2200R;;;;;
SL2600R;SL2600R;;;;;
SL2700V;SL2700V;;;;;
SL3300V;SL3300V;;;;;
SL3640E;SL3640E;;;;;
SL4000V;SL4000V;;;;;
SL4240;SL4240;;;;;
SL4240E;SL4240E;;;;;
SL4640;SL4640;;;;;
SL4840;SL4840;;;;;
SL5240E;SL5240E;;;;;
SL5640;SL5640;;;;;
SL6640E;SL6640E;;;;;
SL7810E;SL7810E;;;;;
SLR190;SLR190;;;;;
SLR220;SLR220;;;;;
SLR260;SLR260;;;;;
SLT 415;SLT 415;;;;;
SLT 415 B;SLT 415 B;;;;;
SLT 420 B;SLT 420 B;;;;;
SLV270;SLV270;;;;;
SLV330;SLV330;;;;;
SLV400;SLV400;;;;;
Stacky 10 D28;Stacky 10;MANITOU;wksRowWEquipment;Stacker;Stacky;970126
Stacky 10 LE D28;Stacky 10;MANITOU;wksRowWEquipment;Stacker;Stacky;970138
Stacky 10 LE S16;Stacky 10;MANITOU;wksRowWEquipment;Stacker;Stacky;970002
Stacky 10 S16;Stacky 10;MANITOU;wksRowWEquipment;Stacker;Stacky;970001
Stacky 14;Stacky 14;MANITOU;wksRowWEquipment;Stacker;Stacky;970000
TD 100                        ;TD 100                        ;;;;;
TD 120                        ;TD 120                        ;;;;;
TD 250                        ;TD 250                        ;;;;;
TD 50                         ;TD 50                         ;;;;;
TD 80                         ;TD 80                         ;;;;;
TH170 MANIACCESS;TH170;;;;;
TL1750RT;TL1750RT;;;;;
TL2100RT;TL2100RT;;;;;
TL2100RTN2;TL2100RTN2;;;;;
TLRT175;TLRT175;;;;;
TLRT210;TLRT210;;;;;
TM30 BATTERY 320AH N°22265    ;TM30;;;;;
TMD 12;TMD 12;;;;;
TME 15;TME 15;;;;;
TMM 20;TMM 20;MANITOU;wksRowTMForklift;TMM;TMM 20;52000172
TMM 20;TMM 20;MANITOU;wksRowTMForklift;TMM;TMM 20;52000661
TMM 20 4W;TMM 20;MANITOU;wksRowTMForklift;TMM;TMM 20;52000174
TMM 20 4W;TMM 20;MANITOU;wksRowTMForklift;TMM;TMM 20;52000663
TMM 25;TMM 25;MANITOU;wksRowTMForklift;TMM;TMM 25;52000173
TMM 25;TMM 25;MANITOU;wksRowTMForklift;TMM;TMM 25;52000662
TMM 25 4W;TMM 25;MANITOU;wksRowTMForklift;TMM;TMM 25;52000175
TMM 25 4W;TMM 25;MANITOU;wksRowTMForklift;TMM;TMM 25;52000664
TMT 25 I;TMT 25;MANITOU;wksRowTMForklift;TMT;TMT 25;790532
TMT 25 P;TMT 25;MANITOU;wksRowTMForklift;TMT;TMT 25;790338
TMT 25 S;TMT 25;MANITOU;wksRowTMForklift;TMT;TMT 25;790531
TMT 25 S-4W;TMT 25;MANITOU;wksRowTMForklift;TMT;TMT 25;52000809
TMT 27 P;TMT 27;MANITOU;wksRowTMForklift;TMT;TMT 27;790222
TMT 27 S;TMT 27;MANITOU;wksRowTMForklift;TMT;TMT 27;790530
TMT 315;TMT 315;;;;;
TMT 317 SI;TMT 317;;;;;
TMT 320;TMT 320;;;;;
TMT 325;TMT 325;;;;;
TMT 55;TMT 55;MANITOU;wksRowTMForklift;TMT;TMT 55;51800290
TMT 55 HT;TMT 55;MANITOU;wksRowTMForklift;TMT;TMT 55;51800291
TMT 55 HT 4W;TMT 55;MANITOU;wksRowTMForklift;TMT;TMT 55;51800293
TMT 55 XT;TMT 55;MANITOU;wksRowTMForklift;TMT;TMT 55;51800292
TMT 55 XT 4W;TMT 55;MANITOU;wksRowTMForklift;TMT;TMT 55;51800294
